ts,time,address,symbol,price,pnl_pct,mfe,mae,peak_pct,current_value,sell_impact,held_min
1790575473,09-28 14:04:34,CXM6rNB6wtsUBswpj1ypYwR93jdwrzcvunENMqd8pump,NEARCAT,0.0002749242133963092,-7.1,0,-7.1,0,58.3342536,1.562,0.3
1790575489,09-28 14:04:50,CXM6rNB6wtsUBswpj1ypYwR93jdwrzcvunENMqd8pump,NEARCAT,0.0002749668621880047,-7.1,0,-7.1,0,58.34330295,1.546,0.5
1790575505,09-28 14:05:06,CXM6rNB6wtsUBswpj1ypYwR93jdwrzcvunENMqd8pump,NEARCAT,0.0002868513411568662,-3.0,0,-7.1,0,60.864987750000004,1.494,0.8
1790575521,09-28 14:05:21,CXM6rNB6wtsUBswpj1ypYwR93jdwrzcvunENMqd8pump,NEARCAT,0.0002854871785981012,-3.5,0,-7.1,0,60.5755356,1.528,1.1
1790575536,09-28 14:05:36,CXM6rNB6wtsUBswpj1ypYwR93jdwrzcvunENMqd8pump,NEARCAT,0.00028389101633996354,-4.0,0,-7.1,0,60.236857050000005,1.455,1.3
1790575551,09-28 14:05:52,CXM6rNB6wtsUBswpj1ypYwR93jdwrzcvunENMqd8pump,NEARCAT,0.0002726955286044773,-7.8,0,-7.8,0,57.8613645,1.472,1.6
1790575567,09-28 14:06:07,CXM6rNB6wtsUBswpj1ypYwR93jdwrzcvunENMqd8pump,NEARCAT,0.0002850816577204292,-3.6,0,-7.8,0,60.48949095,1.379,1.8
1790575582,09-28 14:06:23,CXM6rNB6wtsUBswpj1ypYwR93jdwrzcvunENMqd8pump,NEARCAT,0.00023558529425843377,-20.4,0,-20.4,0,49.987202399999994,1.461,2.1
1790598677,09-28 20:31:17,5tCju6YNxHq5zrA6tGndr6F7TK42mpUFmeE31cSFpump,swordcat,0.0013857738392215489,-8.4,-8.4,-8.4,-8.4,69.07567185,1.095,0.3
1790598692,09-28 20:31:32,5tCju6YNxHq5zrA6tGndr6F7TK42mpUFmeE31cSFpump,swordcat,0.00137205330401474,-9.3,-8.4,-9.3,-8.4,68.3917542,0.0,0.5
1790598707,09-28 20:31:48,5tCju6YNxHq5zrA6tGndr6F7TK42mpUFmeE31cSFpump,swordcat,0.0013317014217957453,-12.0,-8.4,-12.0,-8.4,66.38036294999999,0.0,0.8
1790602000,09-28 21:26:41,CbcyNo7m1amFWqEQm2m4PLv1UNvpcL3C1Ujm6AkzpKoU,e/acc,0.01011575912886712,-1.9,-1.9,-1.9,-1.9,73.9641648,0.694,0.3
1790602016,09-28 21:26:56,CbcyNo7m1amFWqEQm2m4PLv1UNvpcL3C1Ujm6AkzpKoU,e/acc,0.010124337147397387,-1.8,-1.8,-1.9,-1.8,74.02688535,0.673,0.5
1790602031,09-28 21:27:12,CbcyNo7m1amFWqEQm2m4PLv1UNvpcL3C1Ujm6AkzpKoU,e/acc,0.010167195134305864,-1.4,-1.4,-1.9,-1.4,74.34025335,0.76,0.8
1790602047,09-28 21:27:27,CbcyNo7m1amFWqEQm2m4PLv1UNvpcL3C1Ujm6AkzpKoU,e/acc,0.010207466218934352,-1.0,-1.0,-1.9,-1.0,74.63470650000001,0.456,1.0
1790602062,09-28 21:27:42,CbcyNo7m1amFWqEQm2m4PLv1UNvpcL3C1Ujm6AkzpKoU,e/acc,0.0102445974850008,-0.6,-0.6,-1.9,-0.6,74.90620200000001,0.0,1.3
1790602077,09-28 21:27:58,CbcyNo7m1amFWqEQm2m4PLv1UNvpcL3C1Ujm6AkzpKoU,e/acc,0.010260015298679832,-0.5,-0.5,-1.9,-0.5,75.0189336,0.389,1.6
1790602093,09-28 21:28:13,CbcyNo7m1amFWqEQm2m4PLv1UNvpcL3C1Ujm6AkzpKoU,e/acc,0.010273784846601915,-0.3,-0.3,-1.9,-0.3,75.11961344999999,0.26,1.8
1790602108,09-28 21:28:30,CbcyNo7m1amFWqEQm2m4PLv1UNvpcL3C1Ujm6AkzpKoU,e/acc,0.010287857624546447,-0.2,-0.2,-1.9,-0.2,75.22251045,0.513,2.1
1790602125,09-28 21:28:45,CbcyNo7m1amFWqEQm2m4PLv1UNvpcL3C1Ujm6AkzpKoU,e/acc,0.010291741906560523,-0.2,-0.2,-1.9,-0.2,75.25091144999999,0.0,2.3
1790602140,09-28 21:29:00,CbcyNo7m1amFWqEQm2m4PLv1UNvpcL3C1Ujm6AkzpKoU,e/acc,0.010289015913586252,-0.2,-0.2,-1.9,-0.2,75.2309796,0.0,2.6
1790602155,09-28 21:29:16,CbcyNo7m1amFWqEQm2m4PLv1UNvpcL3C1Ujm6AkzpKoU,e/acc,0.010288731146930302,-0.2,-0.2,-1.9,-0.2,75.22889744999999,0.76,2.9
1790602171,09-28 21:29:31,CbcyNo7m1amFWqEQm2m4PLv1UNvpcL3C1Ujm6AkzpKoU,e/acc,0.010287042590004684,-0.2,-0.2,-1.9,-0.2,75.2165511,0.0,3.1
1790602186,09-28 21:29:46,CbcyNo7m1amFWqEQm2m4PLv1UNvpcL3C1Ujm6AkzpKoU,e/acc,0.010268938335985384,-0.4,-0.2,-1.9,-0.2,75.08417684999999,0.0,3.4
1790602201,09-28 21:30:02,CbcyNo7m1amFWqEQm2m4PLv1UNvpcL3C1Ujm6AkzpKoU,e/acc,0.010268941987628982,-0.4,-0.2,-1.9,-0.2,75.08420355000001,0.0,3.6
1790602217,09-28 21:30:17,CbcyNo7m1amFWqEQm2m4PLv1UNvpcL3C1Ujm6AkzpKoU,e/acc,0.010281336712251943,-0.3,-0.2,-1.9,-0.2,75.174831,0.0,3.9
1790602232,09-28 21:30:33,CbcyNo7m1amFWqEQm2m4PLv1UNvpcL3C1Ujm6AkzpKoU,e/acc,0.010201514593773527,-1.0,-0.2,-1.9,-0.2,74.59118955,0.017,4.1
1790602248,09-28 21:30:49,CbcyNo7m1amFWqEQm2m4PLv1UNvpcL3C1Ujm6AkzpKoU,e/acc,0.01020684104934474,-1.0,-0.2,-1.9,-0.2,74.6301354,0.0,4.4
1790602264,09-28 21:31:04,CbcyNo7m1amFWqEQm2m4PLv1UNvpcL3C1Ujm6AkzpKoU,e/acc,0.010228898987121296,-0.8,-0.2,-1.9,-0.2,74.7914181,0.378,4.7
1790602279,09-28 21:31:20,CbcyNo7m1amFWqEQm2m4PLv1UNvpcL3C1Ujm6AkzpKoU,e/acc,0.010231589099620006,-0.8,-0.2,-1.9,-0.2,74.8110876,0.166,4.9
1790602295,09-28 21:31:35,CbcyNo7m1amFWqEQm2m4PLv1UNvpcL3C1Ujm6AkzpKoU,e/acc,0.01022886253222989,-0.8,-0.2,-1.9,-0.2,74.79115155000001,0.533,5.2
1790602310,09-28 21:31:51,CbcyNo7m1amFWqEQm2m4PLv1UNvpcL3C1Ujm6AkzpKoU,e/acc,0.010199858245165021,-1.1,-0.2,-1.9,-0.2,74.5790787,0.14,5.4
1790602326,09-28 21:32:06,CbcyNo7m1amFWqEQm2m4PLv1UNvpcL3C1Ujm6AkzpKoU,e/acc,0.010236117855699113,-0.7,-0.2,-1.9,-0.2,74.84420085000001,0.197,5.7
1790602341,09-28 21:32:21,CbcyNo7m1amFWqEQm2m4PLv1UNvpcL3C1Ujm6AkzpKoU,e/acc,0.010192140722087805,-1.1,-0.2,-1.9,-0.2,74.5226499,0.688,6.0
1790602356,09-28 21:32:37,CbcyNo7m1amFWqEQm2m4PLv1UNvpcL3C1Ujm6AkzpKoU,e/acc,0.0101922226378905,-1.1,-0.2,-1.9,-0.2,74.52324885,0.948,6.2
1790602372,09-28 21:32:53,CbcyNo7m1amFWqEQm2m4PLv1UNvpcL3C1Ujm6AkzpKoU,e/acc,0.0101922226378905,-1.1,-0.2,-1.9,-0.2,74.52324885,0.964,6.5
1790602388,09-28 21:33:08,CbcyNo7m1amFWqEQm2m4PLv1UNvpcL3C1Ujm6AkzpKoU,e/acc,0.01019222278149446,-1.1,-0.2,-1.9,-0.2,74.5232499,1.028,6.7
1790602403,09-28 21:33:24,CbcyNo7m1amFWqEQm2m4PLv1UNvpcL3C1Ujm6AkzpKoU,e/acc,0.01019654039872024,-1.1,-0.2,-1.9,-0.2,74.55481935,0.796,7.0
1790602419,09-28 21:33:39,CbcyNo7m1amFWqEQm2m4PLv1UNvpcL3C1Ujm6AkzpKoU,e/acc,0.010197360438885809,-1.1,-0.2,-1.9,-0.2,74.5608153,0.2,7.2
1790602434,09-28 21:33:54,CbcyNo7m1amFWqEQm2m4PLv1UNvpcL3C1Ujm6AkzpKoU,e/acc,0.010191346694754145,-1.1,-0.2,-1.9,-0.2,74.51684415,0.0,7.5
1790602449,09-28 21:34:10,CbcyNo7m1amFWqEQm2m4PLv1UNvpcL3C1Ujm6AkzpKoU,e/acc,0.010177457155464678,-1.3,-0.2,-1.9,-0.2,74.41528695,0.465,7.8
1790602465,09-28 21:34:25,CbcyNo7m1amFWqEQm2m4PLv1UNvpcL3C1Ujm6AkzpKoU,e/acc,0.010212437090581668,-0.9,-0.2,-1.9,-0.2,74.6710524,0.037,8.0
1790602480,09-28 21:34:41,CbcyNo7m1amFWqEQm2m4PLv1UNvpcL3C1Ujm6AkzpKoU,e/acc,0.010201516317021068,-1.0,-0.2,-1.9,-0.2,74.59120215,0.0,8.3
1790602496,09-28 21:34:57,CbcyNo7m1amFWqEQm2m4PLv1UNvpcL3C1Ujm6AkzpKoU,e/acc,0.010201718388309957,-1.0,-0.2,-1.9,-0.2,74.59267965,0.0,8.5
1790602512,09-28 21:35:12,CbcyNo7m1amFWqEQm2m4PLv1UNvpcL3C1Ujm6AkzpKoU,e/acc,0.01020151633753592,-1.0,-0.2,-1.9,-0.2,74.5912023,0.812,8.8
1790602527,09-28 21:35:27,CbcyNo7m1amFWqEQm2m4PLv1UNvpcL3C1Ujm6AkzpKoU,e/acc,0.010215146651159758,-0.9,-0.2,-1.9,-0.2,74.6908641,0.334,9.1
1790602542,09-28 21:35:43,CbcyNo7m1amFWqEQm2m4PLv1UNvpcL3C1Ujm6AkzpKoU,e/acc,0.010231093029991917,-0.8,-0.2,-1.9,-0.2,74.80746045,0.542,9.3
1790602558,09-28 21:35:59,CbcyNo7m1amFWqEQm2m4PLv1UNvpcL3C1Ujm6AkzpKoU,e/acc,0.010246106003588213,-0.6,-0.2,-1.9,-0.2,74.91723195,0.351,9.6
1790602574,09-28 21:36:14,CbcyNo7m1amFWqEQm2m4PLv1UNvpcL3C1Ujm6AkzpKoU,e/acc,0.010248036287010992,-0.6,-0.2,-1.9,-0.2,74.93134575,0.0,9.8
1790602589,09-28 21:36:29,CbcyNo7m1amFWqEQm2m4PLv1UNvpcL3C1Ujm6AkzpKoU,e/acc,0.010262332122937664,-0.5,-0.2,-1.9,-0.2,75.0358737,1.165,10.1
1790602604,09-28 21:36:45,CbcyNo7m1amFWqEQm2m4PLv1UNvpcL3C1Ujm6AkzpKoU,e/acc,0.010299496192251921,-0.1,-0.1,-1.9,-0.1,75.30760905,0.11,10.3
1790602621,09-28 21:37:01,CbcyNo7m1amFWqEQm2m4PLv1UNvpcL3C1Ujm6AkzpKoU,e/acc,0.010319033901016397,0.1,0.1,-1.9,0.1,75.4504644,0.789,10.6
1790602621,09-28 21:37:01,BM2k8mJUbMthHoioykyUm2NjMrXvLBYhoXruwYLpump,LEVERAGE,0.0009524088943165149,-2.6,-2.6,-2.6,-2.6,73.42417185,0.181,0.3
1790602638,09-28 21:37:19,CbcyNo7m1amFWqEQm2m4PLv1UNvpcL3C1Ujm6AkzpKoU,e/acc,0.0103338527836011,0.2,0.2,-1.9,0.2,75.55881675,0.311,10.9
1790602638,09-28 21:37:19,BM2k8mJUbMthHoioykyUm2NjMrXvLBYhoXruwYLpump,LEVERAGE,0.0009484670775175732,-3.0,-2.6,-3.0,-2.6,73.1202849,0.0,0.6
1790602654,09-28 21:37:34,CbcyNo7m1amFWqEQm2m4PLv1UNvpcL3C1Ujm6AkzpKoU,e/acc,0.010323838786998902,0.1,0.2,-1.9,0.2,75.48559665,0.272,11.2
1790602654,09-28 21:37:34,BM2k8mJUbMthHoioykyUm2NjMrXvLBYhoXruwYLpump,LEVERAGE,0.0009243305127544593,-5.5,-2.6,-5.5,-2.6,71.25952185,0.091,0.8
1790602654,09-28 21:37:34,HTmQz7My6MehV7bjhJ6jde8nDND1yvsz68d24LP7YgUQ,GP,0.008666729108859258,-1.7,-1.7,-1.7,-1.7,74.06758185,0.0,0.3
1790602669,09-28 21:37:50,CbcyNo7m1amFWqEQm2m4PLv1UNvpcL3C1Ujm6AkzpKoU,e/acc,0.010320006899915975,0.1,0.2,-1.9,0.2,75.45757875000001,0.412,11.4
1790602669,09-28 21:37:50,BM2k8mJUbMthHoioykyUm2NjMrXvLBYhoXruwYLpump,LEVERAGE,0.0009238082696447173,-5.5,-2.6,-5.5,-2.6,71.2192605,0.0,1.1
1790602669,09-28 21:37:50,HTmQz7My6MehV7bjhJ6jde8nDND1yvsz68d24LP7YgUQ,GP,0.00863388509983095,-2.1,-1.7,-2.1,-1.7,73.78689045,0.0,0.5
1790602685,09-28 21:38:05,CbcyNo7m1amFWqEQm2m4PLv1UNvpcL3C1Ujm6AkzpKoU,e/acc,0.01039208098973275,0.8,0.8,-1.9,0.8,75.98456835,0.0,11.7
1790602685,09-28 21:38:05,BM2k8mJUbMthHoioykyUm2NjMrXvLBYhoXruwYLpump,LEVERAGE,0.0009239320647404753,-5.5,-2.6,-5.5,-2.6,71.22880425,1.06,1.3
1790602685,09-28 21:38:05,HTmQz7My6MehV7bjhJ6jde8nDND1yvsz68d24LP7YgUQ,GP,0.008666308939556533,-1.7,-1.7,-2.1,-1.7,74.063991,1.317,0.8
1790602700,09-28 21:38:21,CbcyNo7m1amFWqEQm2m4PLv1UNvpcL3C1Ujm6AkzpKoU,e/acc,0.010395368720375288,0.8,0.8,-1.9,0.8,76.0086075,0.0,11.9
1790602700,09-28 21:38:21,BM2k8mJUbMthHoioykyUm2NjMrXvLBYhoXruwYLpump,LEVERAGE,0.0009244226143600044,-5.5,-2.6,-5.5,-2.6,71.26662225,1.039,1.6
1790602700,09-28 21:38:21,HTmQz7My6MehV7bjhJ6jde8nDND1yvsz68d24LP7YgUQ,GP,0.008667580347048528,-1.7,-1.7,-2.1,-1.7,74.0748567,1.225,1.0
1790602716,09-28 21:38:36,CbcyNo7m1amFWqEQm2m4PLv1UNvpcL3C1Ujm6AkzpKoU,e/acc,0.010382134794715302,0.7,0.8,-1.9,0.8,75.911844,0.348,12.2
1790602716,09-28 21:38:37,BM2k8mJUbMthHoioykyUm2NjMrXvLBYhoXruwYLpump,LEVERAGE,0.0008905836855787422,-9.0,-2.6,-9.0,-2.6,68.6578737,0.0,1.9
1790602716,09-28 21:38:37,HTmQz7My6MehV7bjhJ6jde8nDND1yvsz68d24LP7YgUQ,GP,0.008643426939516904,-2.0,-1.7,-2.1,-1.7,73.86843689999999,0.0,1.3
1790602732,09-28 21:38:53,CbcyNo7m1amFWqEQm2m4PLv1UNvpcL3C1Ujm6AkzpKoU,e/acc,0.010369184097097391,0.6,0.8,-1.9,0.8,75.8171514,0.201,12.5
1790602732,09-28 21:38:53,BM2k8mJUbMthHoioykyUm2NjMrXvLBYhoXruwYLpump,LEVERAGE,0.0008905836855787422,-9.0,-2.6,-9.0,-2.6,68.6578737,0.0,2.1
1790602732,09-28 21:38:53,HTmQz7My6MehV7bjhJ6jde8nDND1yvsz68d24LP7YgUQ,GP,0.008696701788394235,-1.4,-1.4,-2.1,-1.4,74.3237343,0.77,1.6
1790602748,09-28 21:39:09,CbcyNo7m1amFWqEQm2m4PLv1UNvpcL3C1Ujm6AkzpKoU,e/acc,0.010336205611423602,0.3,0.8,-1.9,0.8,75.57602010000001,0.0,12.7
1790602748,09-28 21:39:09,BM2k8mJUbMthHoioykyUm2NjMrXvLBYhoXruwYLpump,LEVERAGE,0.0008813282505553402,-9.9,-2.6,-9.9,-2.6,67.94434335,0.0,2.4
1790602748,09-28 21:39:09,HTmQz7My6MehV7bjhJ6jde8nDND1yvsz68d24LP7YgUQ,GP,0.008697371384404887,-1.4,-1.4,-2.1,-1.4,74.3294568,0.922,1.8
1790602764,09-28 21:39:25,CbcyNo7m1amFWqEQm2m4PLv1UNvpcL3C1Ujm6AkzpKoU,e/acc,0.01033815431718317,0.3,0.8,-1.9,0.8,75.59026859999999,0.281,13.0
1790602764,09-28 21:39:25,BM2k8mJUbMthHoioykyUm2NjMrXvLBYhoXruwYLpump,LEVERAGE,0.0008747004975308716,-10.6,-2.6,-10.6,-2.6,67.4333892,0.778,2.7
1790602764,09-28 21:39:25,HTmQz7My6MehV7bjhJ6jde8nDND1yvsz68d24LP7YgUQ,GP,0.008672436295931445,-1.7,-1.4,-2.1,-1.4,74.1163566,1.027,2.1
1790602780,09-28 21:39:41,CbcyNo7m1amFWqEQm2m4PLv1UNvpcL3C1Ujm6AkzpKoU,e/acc,0.010401060812147709,0.9,0.9,-1.9,0.9,76.0502268,0.28,13.3
1790602780,09-28 21:39:41,BM2k8mJUbMthHoioykyUm2NjMrXvLBYhoXruwYLpump,LEVERAGE,0.0008748751065004346,-10.6,-2.6,-10.6,-2.6,67.44685035,0.0,2.9
1790602780,09-28 21:39:41,HTmQz7My6MehV7bjhJ6jde8nDND1yvsz68d24LP7YgUQ,GP,0.008662939950160549,-1.8,-1.4,-2.1,-1.4,74.03519895,0.0,2.4
1790602796,09-28 21:39:56,CbcyNo7m1amFWqEQm2m4PLv1UNvpcL3C1Ujm6AkzpKoU,e/acc,0.010474467895481062,1.6,1.6,-1.9,1.6,76.58696295,0.0,13.5
1790602796,09-28 21:39:57,BM2k8mJUbMthHoioykyUm2NjMrXvLBYhoXruwYLpump,LEVERAGE,0.0008747001667620501,-10.6,-2.6,-10.6,-2.6,67.4333637,0.743,3.2
1790602796,09-28 21:39:57,HTmQz7My6MehV7bjhJ6jde8nDND1yvsz68d24LP7YgUQ,GP,0.008681158648389684,-1.6,-1.4,-2.1,-1.4,74.19089955,0.719,2.6
1790602812,09-28 21:40:12,CbcyNo7m1amFWqEQm2m4PLv1UNvpcL3C1Ujm6AkzpKoU,e/acc,0.01045629073167895,1.4,1.6,-1.9,1.6,76.4540556,0.0,13.8
1790602812,09-28 21:40:13,BM2k8mJUbMthHoioykyUm2NjMrXvLBYhoXruwYLpump,LEVERAGE,0.0008747001667620501,-10.6,-2.6,-10.6,-2.6,67.4333637,0.0,3.5
1790602812,09-28 21:40:13,HTmQz7My6MehV7bjhJ6jde8nDND1yvsz68d24LP7YgUQ,GP,0.00873470905840377,-1.0,-1.0,-2.1,-1.0,74.64855195,0.665,2.9
1790602828,09-28 21:40:28,CbcyNo7m1amFWqEQm2m4PLv1UNvpcL3C1Ujm6AkzpKoU,e/acc,0.010459763978125087,1.5,1.6,-1.9,1.6,76.4794512,0.549,14.1
1790602828,09-28 21:40:29,BM2k8mJUbMthHoioykyUm2NjMrXvLBYhoXruwYLpump,LEVERAGE,0.0008757513384031302,-10.5,-2.6,-10.6,-2.6,67.5144018,0.026,3.7
1790602828,09-28 21:40:29,HTmQz7My6MehV7bjhJ6jde8nDND1yvsz68d24LP7YgUQ,GP,0.008728526396733195,-1.0,-1.0,-2.1,-1.0,74.5957137,0.642,3.2
1790602844,09-28 21:40:44,CbcyNo7m1amFWqEQm2m4PLv1UNvpcL3C1Ujm6AkzpKoU,e/acc,0.010523998337893282,2.1,2.1,-1.9,2.1,76.94911845,0.819,14.3
1790602844,09-28 21:40:44,BM2k8mJUbMthHoioykyUm2NjMrXvLBYhoXruwYLpump,LEVERAGE,0.0008756707494982783,-10.5,-2.6,-10.6,-2.6,67.50818895,0.0,4.0
1790602844,09-28 21:40:45,HTmQz7My6MehV7bjhJ6jde8nDND1yvsz68d24LP7YgUQ,GP,0.008726278642785508,-1.1,-1.0,-2.1,-1.0,74.57650395,1.156,3.4
1790602860,09-28 21:41:01,CbcyNo7m1amFWqEQm2m4PLv1UNvpcL3C1Ujm6AkzpKoU,e/acc,0.010512287250187175,2.0,2.1,-1.9,2.1,76.86348960000001,0.0,14.6
1790602860,09-28 21:41:01,BM2k8mJUbMthHoioykyUm2NjMrXvLBYhoXruwYLpump,LEVERAGE,0.0008757308307361865,-10.5,-2.6,-10.6,-2.6,67.5128208,1.062,4.3
1790602860,09-28 21:41:01,HTmQz7My6MehV7bjhJ6jde8nDND1yvsz68d24LP7YgUQ,GP,0.008719308736295383,-1.1,-1.0,-2.1,-1.0,74.51693775,0.0,3.7
1790602876,09-28 21:41:17,CbcyNo7m1amFWqEQm2m4PLv1UNvpcL3C1Ujm6AkzpKoU,e/acc,0.01050724753069767,1.9,2.1,-1.9,2.1,76.8266403,0.0,14.9
1790602876,09-28 21:41:17,BM2k8mJUbMthHoioykyUm2NjMrXvLBYhoXruwYLpump,LEVERAGE,0.0008777486100505377,-10.3,-2.6,-10.6,-2.6,67.6683777,0.942,4.5
1790602876,09-28 21:41:17,HTmQz7My6MehV7bjhJ6jde8nDND1yvsz68d24LP7YgUQ,GP,0.008716803288805669,-1.2,-1.0,-2.1,-1.0,74.4955257,0.0,4.0
